"Item","Qty","Reference(s)","Value","LibPart","Footprint","Datasheet","DNP","Arrow Part Number","Arrow Price/Stock","Digikey","DigikeyPN","Height","MANUFACTURER","Manufacturer_Name","Manufacturer_Part_Number","Mouser Part Number","Mouser Price/Stock","STANDARD","Sim.Device","Sim.Pins"
"1","1","Brd1","SSD1306","2023Staj:SSD1306","2023Staj:SSD1306_0.96_Oled","","","","","","","","","","","","","","",""
"2","2","C1, C2","CL31B104KBCNFNC","Device:C_Small","Capacitor_SMD:C_1206_3216Metric","~","","","","","1276-2744-2-ND","","","","","","","","",""
"3","3","C3, C4, C5","100uF/63V","Device:C_Polarized","Capacitor_SMD:CP_Elec_10x10.5","~","","","","","399-15648-6-ND","","","","","","","","",""
"4","3","C6, C7, C8","470nF/100V","Device:C_Small","Capacitor_SMD:C_1206_3216Metric","~","","","","","399-C1206C474M1REC7210DKR-ND","","","","","","","","",""
"5","3","C9, C10, C11","100nF/20V","Device:C_Small","Capacitor_SMD:C_0805_2012Metric","~","","","","","718-2500-6-ND","","","","","","","","",""
"6","3","C12, C13, C14","100uF/20V","Device:C_Polarized","Capacitor_SMD:CP_Elec_6.3x7.7","~","","","","","565-3210-6-ND","","","","","","","","",""
"7","2","C15, C20","1uF","Device:C_Small","Capacitor_SMD:C_0603_1608Metric","~","","","","","311-1447-6-ND","","","","","","","","",""
"8","1","C16","10uF","Device:C_Small","Capacitor_SMD:C_0603_1608Metric","~","","","","","13-CC0603MPX5R5BB106DKR-ND","","","","","","","","",""
"9","2","C17, C18","20pF","Device:C_Small","Capacitor_SMD:C_0603_1608Metric","~","","","","","399-C0603C200G8HAC7867DKR-ND","","","","","","","","",""
"10","6","C19, C21, C22, C24, C25, C27","100nF","Device:C_Small","Capacitor_SMD:C_0603_1608Metric","~","","","","","AC0603KPX7R7BB104","","","","","","","","",""
"11","1","C23","10nF","Device:C_Small","Capacitor_SMD:C_0603_1608Metric","~","","","","","13-CC0100KRX5R4BB103TR-ND","","","","","","","","",""
"12","1","C26","1uF/10V","Device:CP","Capacitor_SMD:C_0603_1608Metric","","","","","","478-12231-6-ND","","","","","","","","",""
"13","1","C28","1uF","Device:C","Capacitor_SMD:C_0603_1608Metric","~","","","","","","","","","","","","","",""
"14","2","C29, C31","100nF","Device:C","Capacitor_SMD:C_0603_1608Metric","~","","","","","","","","","","","","","",""
"15","1","C30","10nF","Device:C","Capacitor_SMD:C_0603_1608Metric","~","","","","","","","","","","","","","",""
"16","1","D1","SBR3A40SAQ","Device:D","Diode_SMD:D_SMA","~","","","","","SBR3A40SAQ-13DITR-ND","","","","","","","","",""
"17","1","D2","SMBJ28A","Device:D","Diode_SMD:D_SMB","~","","","","","SMBJ28ALFDKR-ND","","","","","","","","",""
"18","1","D3","LED_PWR","Device:LED_Small","LED_THT:LED_D3.0mm","~","","","","","1830-1004-ND","","","","","","","","",""
"19","3","D4, D5, D6","SK56","Device:D_Schottky","Diode_SMD:D_SMC","~","","","","","1655-SK56DKR-ND","","","","","","","","",""
"20","1","D7","LED_ACT","Device:LED_Small","LED_THT:LED_D3.0mm","~","","","","","1830-1004-ND","","","","","","","","",""
"21","1","D8","LED_DEACT","Device:LED_Small","LED_THT:LED_D3.0mm","~","","","","","1830-1001-ND","","","","","","","","",""
"22","1","D9","LED_ERR","Device:LED_Small","LED_THT:LED_D3.0mm","~","","","","","1830-1000-ND","","","","","","","","",""
"23","1","D10","SMBJ28A","Diode:1N914","Diode_THT:D_DO-35_SOD27_P7.62mm_Horizontal","http://www.vishay.com/docs/85622/1n914.pdf","","","","","","","","","","","","","D","1=K 2=A"
"24","1","D11","1N4148","Diode:1N4148","Diode_THT:D_DO-35_SOD27_P7.62mm_Horizontal","https://assets.nexperia.com/documents/data-sheet/1N4148_1N4448.pdf","","","","","","","","","","","","","D","1=K 2=A"
"25","1","F1","Fuse","Device:Fuse","Fuse:Fuse_1206_3216Metric","~","","","","","","","","","","","","","",""
"26","1","FB1","120R","Device:FerriteBead","Inductor_SMD:L_0603_1608Metric","~","","","","","732-4665-6-ND","","","","","","","","",""
"27","1","J1","POWER","Connector:Screw_Terminal_01x02","Connector_Phoenix_MSTB:PhoenixContact_MSTBA_2,5_2-G-5,08_1x02_P5.08mm_Horizontal","~","","","","","","","","","","","","","",""
"28","1","J2","SENSOR","Connector:Screw_Terminal_01x03","Connector_Phoenix_MSTB:PhoenixContact_MSTBA_2,5_3-G-5,08_1x03_P5.08mm_Horizontal","~","","","","","","","","","","","","","",""
"29","1","J3","RELAY","Connector:Screw_Terminal_01x03","Connector_Phoenix_MSTB:PhoenixContact_MSTBA_2,5_3-G-5,08_1x03_P5.08mm_Horizontal","~","","","","","","","","","","","","","",""
"30","1","J5","USB_B_Mini","Connector:USB_B_Mini","Connector_USB:USB_Mini-B_Wuerth_65100516121_Horizontal","~","","","","732-2109-2-ND","","","","","","","","","",""
"31","1","J6","EXT","Connector_Generic:Conn_02x07_Odd_Even","Connector_JAE:JAE_LY20-14P-DT1_2x07_P2.00mm_Vertical","~","","","","","","","","","","","","","",""
"32","1","K1","SRD-05VDC-SL-C","2023Staj:SRD-05VDC-SL-C","2023Staj:RELAY_SRD-05VDC-SL-C","","","","","","","","SONGLE RELAY","","","","","IPC-7251","",""
"33","3","L1, L2, L3","74477020","Damlama:74477020","2023Staj:IND_1280-WE-PD_WRE","74477020","","","","","732-1235-6-ND","","","","","","","","",""
"34","1","Q1","BC847","Transistor_BJT:BC847","Package_TO_SOT_SMD:SOT-23","http://www.infineon.com/dgdl/Infineon-BC847SERIES_BC848SERIES_BC849SERIES_BC850SERIES-DS-v01_01-en.pdf?fileId=db3a304314dca389011541d4630a1657","","","","","","","","","","","","","",""
"35","1","R1","1K2","Device:R_Small","Resistor_SMD:R_0603_1608Metric","~","","","","","13-RC0603FR-131K2LDKR-ND","","","","","","","","",""
"36","1","R2","2K2 ","Device:R","Resistor_SMD:R_0603_1608Metric","~","","","","","","","","","","","","","",""
"37","1","R3","1K ","Device:R","Resistor_SMD:R_0603_1608Metric","~","","","","","","","","","","","","","",""
"38","1","R4","10K","Device:R_Small","Resistor_SMD:R_0603_1608Metric","~","","","","","RNCP0603FTD10K0DKR-ND","","","","","","","","",""
"39","3","R5, R8, R12","470R","Device:R_Small","Resistor_SMD:R_0603_1608Metric","~","","","","","1292-WR06X471JTLDKR-ND","","","","","","","","",""
"40","3","R6, R10, R15","4K7","Device:R_Small","Resistor_SMD:R_0603_1608Metric","~","","","","","13-RC1206FR-134K7LDKR-ND","","","","","","","","",""
"41","2","R7, R11","100R","Device:R_Small","Resistor_SMD:R_0603_1608Metric","~","","","","","RR08P100DDKR-ND","","","","","","","","",""
"42","1","R9","100K","Device:R","Resistor_SMD:R_0603_1608Metric","~","","","","311-100KHRDKR-ND","","","","","","","","","",""
"43","1","R13","150R","Device:R","Resistor_SMD:R_0603_1608Metric","~","","","","","","","","","","","","","",""
"44","1","R14","15R","Device:R","Resistor_SMD:R_0603_1608Metric","~","","","","","","","","","","","","","",""
"45","1","R16","47K","Device:R_Small","Resistor_SMD:R_0603_1608Metric","~","","","","","","","","","","","","","",""
"46","1","SW1","BTN_ACT","Switch:SW_Push","Button_Switch_SMD:SW_Push_1P1T_NO_Vertical_Wuerth_434133025816","~","","","","","732-13663-6-ND","","","","","","","","",""
"47","1","SW2","BTN_DEACT","Switch:SW_Push","Button_Switch_SMD:SW_Push_1P1T_NO_Vertical_Wuerth_434133025816","~","","","","","732-13663-6-ND","","","","","","","","",""
"48","1","T1","PA2748NL","Damlama:PA2748NL","Damlama:PA2748NL","https://productfinder.pulseelectronics.com/api/open/part-attachments/datasheet/PA2748NL","","PA2748NL","https://www.arrow.com/en/products/pa2748nl/pulse-electronics-corporation?region=europe","","553-2186-ND","5.6","","Pulse","PA2748NL","673-PA2748NL","https://www.mouser.co.uk/ProductDetail/Pulse-Electronics/PA2748NL?qs=%252BUGZmmosPSIjp4oa14sP1g%3D%3D","","",""
"49","1","U1","LM2596S-5","Regulator_Switching:LM2596S-5","Package_TO_SOT_SMD:TO-263-5_TabPin3","http://www.ti.com/lit/ds/symlink/lm2596.pdf","","","","","LM2596S-5.0-ND","","","","","","","","",""
"50","1","U2","LM2596S-ADJ","Regulator_Switching:LM2596S-ADJ","Package_TO_SOT_SMD:TO-263-5_TabPin3","http://www.ti.com/lit/ds/symlink/lm2596.pdf","","","","296-35399-2-ND","","","","","","","","","",""
"51","1","U3","LM2596S-3.3","Regulator_Switching:LM2596S-3.3","Package_TO_SOT_SMD:TO-263-5_TabPin3","http://www.ti.com/lit/ds/symlink/lm2596.pdf","","","","","LM2596S-3.3/NOPB-ND","","","","","","","","",""
"52","1","U4","STM32F103C8T6","MCU_ST_STM32F1:STM32F103C8Tx","Package_QFP:LQFP-48_7x7mm_P0.5mm","https://www.st.com/resource/en/datasheet/stm32f103c8.pdf","","","","","497-6063-ND","","","","","","","","",""
"53","1","U5","SIM800L-CORE","2023Staj:SIM800L-CORE","2023Staj:SIM800L-CORE","","","","","","","","","","","","","","",""
"54","1","U6","AD8603","Amplifier_Operational:AD8603","Package_TO_SOT_SMD:TSOT-23-5","https://www.analog.com/media/en/technical-documentation/data-sheets/AD8603_8607_8609.pdf","","","","","","","","","","","","","",""
"55","1","Y1","32KHz","Device:Crystal","Crystal:Crystal_C38-LF_D3.0mm_L8.0mm_Vertical","https://ecsxtal.com/store/pdf/ECS-3x8X%202x6X%201X5X.pdf","","","","","X1123-ND","","","","","","","","",""
"56","1","Y2","8MHz","Device:Crystal","Crystal:Crystal_SMD_HC49-SD","https://ecsxtal.com/store/pdf/ECS-3x8X%202x6X%201X5X.pdf","","","","","631-1010-6-ND","","","","","","","","",""
